{"cameraMode":{"drawMode":0,"name":"Shaded","section":"Shading Mode"},"sceneLighting":true,"audioPlay":false,"sceneViewState":{"showFog":false,"showMaterialUpdate":false,"showSkybox":false,"showFlares":true,"showImageEffects":true,"showParticleSystems":true},"in2DMode":false,"pivot":{"x":-0.23628807067871095,"y":3.912611484527588,"z":-1.2258079051971436},"rotation":{"x":0.05219198390841484,"y":-0.7422161102294922,"z":0.058279890567064288,"w":0.6656801104545593},"size":1.886375904083252,"orthographic":false}