{"cameraMode":{"drawMode":0,"name":"Shaded","section":"Shading Mode"},"sceneLighting":true,"audioPlay":false,"sceneViewState":{"showFog":false,"showMaterialUpdate":false,"showSkybox":true,"showFlares":true,"showImageEffects":true,"showParticleSystems":true},"in2DMode":false,"pivot":{"x":1681.46240234375,"y":134.04983520507813,"z":1564.068115234375},"rotation":{"x":0.043783560395240787,"y":-0.771918535232544,"z":0.05366257578134537,"w":0.6320400238037109},"size":752.1431274414063,"orthographic":false}