{"cameraMode":{"drawMode":0,"name":"Shaded","section":"Shading Mode"},"sceneLighting":true,"audioPlay":false,"sceneViewState":{"showFog":false,"showMaterialUpdate":false,"showSkybox":false,"showFlares":true,"showImageEffects":true,"showParticleSystems":true},"in2DMode":false,"pivot":{"x":-0.029559433460235597,"y":3.798088312149048,"z":-1.6811050176620484},"rotation":{"x":0.048235565423965457,"y":-0.5372743010520935,"z":0.03089439496397972,"w":0.8415420055389404},"size":3.6436963081359865,"orthographic":true}