{"cameraMode":{"drawMode":0,"name":"Shaded","section":"Shading Mode"},"sceneLighting":true,"audioPlay":false,"sceneViewState":{"showFog":false,"showMaterialUpdate":false,"showSkybox":false,"showFlares":true,"showImageEffects":true,"showParticleSystems":true},"in2DMode":false,"pivot":{"x":4.0714263916015629,"y":7.526000022888184,"z":-5.068999767303467},"rotation":{"x":-0.07066662609577179,"y":0.04666568338871002,"z":-0.003534139832481742,"w":-0.9964797496795654},"size":3.6373064517974855,"orthographic":false}