{"cameraMode":{"drawMode":0,"name":"Shaded","section":"Shading Mode"},"sceneLighting":true,"audioPlay":false,"sceneViewState":{"showFog":false,"showMaterialUpdate":false,"showSkybox":false,"showFlares":true,"showImageEffects":true,"showParticleSystems":true},"in2DMode":false,"pivot":{"x":-4.020477294921875,"y":8.562847137451172,"z":-2.52197265625},"rotation":{"x":0.004725014790892601,"y":0.9877277612686157,"z":0.029311463236808778,"w":-0.1537996530532837},"size":7.543525695800781,"orthographic":false}