{"cameraMode":{"drawMode":0,"name":"Shaded","section":"Shading Mode"},"sceneLighting":false,"audioPlay":false,"sceneViewState":{"showFog":false,"showMaterialUpdate":false,"showSkybox":false,"showFlares":true,"showImageEffects":true,"showParticleSystems":true},"in2DMode":false,"pivot":{"x":0.0,"y":2.2118258476257326,"z":-0.9153409004211426},"rotation":{"x":-0.01525863166898489,"y":0.9680228233337402,"z":-0.061403341591358188,"w":-0.24304769933223725},"size":3.068631410598755,"orthographic":false}