{"cameraMode":{"drawMode":0,"name":"Shaded","section":"Shading Mode"},"sceneLighting":true,"audioPlay":false,"sceneViewState":{"showFog":false,"showMaterialUpdate":false,"showSkybox":false,"showFlares":true,"showImageEffects":true,"showParticleSystems":true},"in2DMode":false,"pivot":{"x":291.3988037109375,"y":34.03813171386719,"z":241.00245666503907},"rotation":{"x":0.012960927560925484,"y":-0.9864054322242737,"z":0.09830173850059509,"w":0.13156020641326905},"size":1.1172516345977784,"orthographic":false}