{"cameraMode":{"drawMode":0,"name":"Shaded","section":"Shading Mode"},"sceneLighting":true,"audioPlay":false,"sceneViewState":{"showFog":false,"showMaterialUpdate":false,"showSkybox":false,"showFlares":true,"showImageEffects":true,"showParticleSystems":true},"in2DMode":false,"pivot":{"x":4.388934135437012,"y":12.050166130065918,"z":35.06892395019531},"rotation":{"x":-0.05082765221595764,"y":-0.6970877647399902,"z":0.04922403767704964,"w":-0.71360844373703},"size":6.317644119262695,"orthographic":false}