{"cameraMode":{"drawMode":0,"name":"Shaded","section":"Shading Mode"},"sceneLighting":true,"audioPlay":false,"sceneViewState":{"showFog":false,"showMaterialUpdate":false,"showSkybox":false,"showFlares":true,"showImageEffects":true,"showParticleSystems":true},"in2DMode":false,"pivot":{"x":444.20001220703127,"y":5.522794723510742,"z":382.0},"rotation":{"x":-0.022177647799253465,"y":-0.858979344367981,"z":-0.037050552666187289,"w":0.5103188157081604},"size":9.833638191223145,"orthographic":false}