{"cameraMode":{"drawMode":0,"name":"Shaded","section":"Shading Mode"},"sceneLighting":false,"audioPlay":false,"sceneViewState":{"showFog":false,"showMaterialUpdate":false,"showSkybox":true,"showFlares":true,"showImageEffects":true,"showParticleSystems":true},"in2DMode":false,"pivot":{"x":391.56591796875,"y":16.467485427856447,"z":140.1579132080078},"rotation":{"x":0.02557474561035633,"y":-0.7069078087806702,"z":0.025765620172023774,"w":0.7064662575721741},"size":42.75713348388672,"orthographic":false}