{"cameraMode":{"drawMode":0,"name":"Shaded","section":"Shading Mode"},"sceneLighting":true,"audioPlay":false,"sceneViewState":{"showFog":false,"showMaterialUpdate":false,"showSkybox":false,"showFlares":true,"showImageEffects":true,"showParticleSystems":true},"in2DMode":false,"pivot":{"x":-195.5538330078125,"y":64.15676879882813,"z":286.6665954589844},"rotation":{"x":0.04217403382062912,"y":-0.9556963443756104,"z":0.23573246598243714,"w":0.17155376076698304},"size":58.418418884277347,"orthographic":false}