{"cameraMode":{"drawMode":0,"name":"Shaded","section":"Shading Mode"},"sceneLighting":true,"audioPlay":false,"sceneViewState":{"showFog":false,"showMaterialUpdate":false,"showSkybox":true,"showFlares":true,"showImageEffects":true,"showParticleSystems":true},"in2DMode":false,"pivot":{"x":279.3160095214844,"y":19.82077407836914,"z":148.62149047851563},"rotation":{"x":0.005308724939823151,"y":0.9939342141151428,"z":-0.0525202602148056,"w":0.09722812473773956},"size":66.9354019165039,"orthographic":false}