{"cameraMode":{"drawMode":0,"name":"Shaded","section":"Shading Mode"},"sceneLighting":true,"audioPlay":false,"sceneViewState":{"showFog":false,"showMaterialUpdate":false,"showSkybox":false,"showFlares":true,"showImageEffects":true,"showParticleSystems":true},"in2DMode":false,"pivot":{"x":19.494731903076173,"y":8.354790687561036,"z":5.679769515991211},"rotation":{"x":-0.017778079956769944,"y":0.7033019661903381,"z":0.017848018556833268,"w":0.7105495929718018},"size":7.077219009399414,"orthographic":false}