{"cameraMode":{"drawMode":0,"name":"Shaded","section":"Shading Mode"},"sceneLighting":true,"audioPlay":false,"sceneViewState":{"showFog":false,"showMaterialUpdate":false,"showSkybox":false,"showFlares":true,"showImageEffects":true,"showParticleSystems":true},"in2DMode":false,"pivot":{"x":3.380436420440674,"y":2.81966495513916,"z":-0.7081649303436279},"rotation":{"x":-0.0034044673666357996,"y":-0.9958679676055908,"z":0.0826498419046402,"w":-0.03946119546890259},"size":9.045987129211426,"orthographic":false}