{"cameraMode":{"drawMode":0,"name":"Shaded","section":"Shading Mode"},"sceneLighting":true,"audioPlay":false,"sceneViewState":{"showFog":false,"showMaterialUpdate":false,"showSkybox":true,"showFlares":true,"showImageEffects":true,"showParticleSystems":true},"in2DMode":false,"pivot":{"x":279.3160095214844,"y":19.82077407836914,"z":148.62149047851563},"rotation":{"x":-0.02097037062048912,"y":0.9656640291213989,"z":-0.08310442417860031,"w":-0.24554143846035005},"size":80.36538696289063,"orthographic":false}