{"cameraMode":{"drawMode":0,"name":"Shaded","section":"Shading Mode"},"sceneLighting":false,"audioPlay":false,"sceneViewState":{"showFog":true,"showMaterialUpdate":false,"showSkybox":false,"showFlares":true,"showImageEffects":true,"showParticleSystems":true},"in2DMode":false,"pivot":{"x":-223.54104614257813,"y":8.563193321228028,"z":188.34873962402345},"rotation":{"x":-0.003914620727300644,"y":0.9953717589378357,"z":-0.08411916345357895,"w":-0.046332426369190219},"size":10.178201675415039,"orthographic":false}